product,GALAXY_SOUNDS_BLACK_HOLES,GALAXY_SOUNDS_DARK_MATTER,GALAXY_SOUNDS_PLANETARY_RINGS,GALAXY_SOUNDS_SOLAR_FLAMES,GALAXY_SOUNDS_SOLAR_WINDS
GALAXY_SOUNDS_BLACK_HOLES,1.0,-0.015049113129642957,0.004881883954901613,0.005146987893048847,0.024365222943980903
GALAXY_SOUNDS_DARK_MATTER,-0.015049113129642957,1.0,0.015439385729560865,0.00516307990795135,0.007926110044945972
GALAXY_SOUNDS_PLANETARY_RINGS,0.004881883954901613,0.015439385729560865,1.0,0.0003787245684614778,-0.004139157611250715
GALAXY_SOUNDS_SOLAR_FLAMES,0.005146987893048847,0.00516307990795135,0.0003787245684614778,1.0,0.012987728009492815
GALAXY_SOUNDS_SOLAR_WINDS,0.024365222943980903,0.007926110044945972,-0.004139157611250715,0.012987728009492815,1.0
