product,MICROCHIP_CIRCLE,MICROCHIP_OVAL,MICROCHIP_RECTANGLE,MICROCHIP_SQUARE,MICROCHIP_TRIANGLE
MICROCHIP_CIRCLE,1.0,0.005057063208794817,0.02247685190075064,0.012577791047484795,-0.005658904392641216
MICROCHIP_OVAL,0.005057063208794817,1.0,-0.0006215994700985331,-0.013223413773943506,-0.0013917411689879037
MICROCHIP_RECTANGLE,0.02247685190075064,-0.0006215994700985331,1.0,-0.00972071155330551,-0.011570882387342244
MICROCHIP_SQUARE,0.012577791047484795,-0.013223413773943506,-0.00972071155330551,1.0,0.006548326497356215
MICROCHIP_TRIANGLE,-0.005658904392641216,-0.0013917411689879037,-0.011570882387342244,0.006548326497356215,1.0
