product,OXYGEN_SHAKE_CHOCOLATE,OXYGEN_SHAKE_EVENING_BREATH,OXYGEN_SHAKE_GARLIC,OXYGEN_SHAKE_MINT,OXYGEN_SHAKE_MORNING_BREATH
OXYGEN_SHAKE_CHOCOLATE,1.0,0.009819578123859755,0.006656873206421638,0.003462158236551831,0.008656079878742166
OXYGEN_SHAKE_EVENING_BREATH,0.009819578123859755,1.0,0.0135335862651661,0.022668225269498077,0.013798935104611684
OXYGEN_SHAKE_GARLIC,0.006656873206421638,0.0135335862651661,1.0,0.003056758578791989,0.02416175819048733
OXYGEN_SHAKE_MINT,0.003462158236551831,0.022668225269498077,0.003056758578791989,1.0,0.0039517920211301055
OXYGEN_SHAKE_MORNING_BREATH,0.008656079878742166,0.013798935104611684,0.02416175819048733,0.0039517920211301055,1.0
