product,PANEL_1X2,PANEL_1X4,PANEL_2X2,PANEL_2X4,PANEL_4X4
PANEL_1X2,1.0,0.007004824826288691,0.012226132194386303,0.002545847160895929,0.007297126644075907
PANEL_1X4,0.007004824826288691,1.0,0.0033152304704875397,0.004915820625442817,0.005197837621243158
PANEL_2X2,0.012226132194386303,0.0033152304704875397,1.0,-0.011634524368458127,0.003001422546999611
PANEL_2X4,0.002545847160895929,0.004915820625442817,-0.011634524368458127,1.0,0.0012300037284210736
PANEL_4X4,0.007297126644075907,0.005197837621243158,0.003001422546999611,0.0012300037284210736,1.0
