product,PEBBLES_L,PEBBLES_M,PEBBLES_S,PEBBLES_XL,PEBBLES_XS
PEBBLES_L,1.0,0.020444829442852672,0.012520602016935669,-0.501853956266237,-0.001314960772107959
PEBBLES_M,0.020444829442852672,1.0,0.00012511190731123977,-0.515840696895726,0.025987409937989578
PEBBLES_S,0.012520602016935669,0.00012511190731123977,1.0,-0.49500916635358827,0.008139084354068422
PEBBLES_XL,-0.501853956266237,-0.515840696895726,-0.49500916635358827,1.0,-0.5026778207066446
PEBBLES_XS,-0.001314960772107959,0.025987409937989578,0.008139084354068422,-0.5026778207066446,1.0
