product,ROBOT_DISHES,ROBOT_IRONING,ROBOT_LAUNDRY,ROBOT_MOPPING,ROBOT_VACUUMING
ROBOT_DISHES,1.0,0.0022434396525116687,0.007927457520969527,-0.011206596247978151,0.009001605900324654
ROBOT_IRONING,0.0022434396525116687,1.0,-0.01754333057375176,-0.013856987219453054,0.019131665850374884
ROBOT_LAUNDRY,0.007927457520969527,-0.01754333057375176,1.0,-0.022625320246053116,0.00763830414822054
ROBOT_MOPPING,-0.011206596247978151,-0.013856987219453054,-0.022625320246053116,1.0,-0.002893723101224124
ROBOT_VACUUMING,0.009001605900324654,0.019131665850374884,0.00763830414822054,-0.002893723101224124,1.0
