product,SLEEP_POD_COTTON,SLEEP_POD_LAMB_WOOL,SLEEP_POD_NYLON,SLEEP_POD_POLYESTER,SLEEP_POD_SUEDE
SLEEP_POD_COTTON,1.0,-0.018437751299496513,0.02019884320018269,0.0018854890825832458,-0.0015748881107047201
SLEEP_POD_LAMB_WOOL,-0.018437751299496513,1.0,0.003073708885367961,0.009383805037125053,0.018008078745891404
SLEEP_POD_NYLON,0.02019884320018269,0.003073708885367961,1.0,0.013668645184895108,0.003587997480642789
SLEEP_POD_POLYESTER,0.0018854890825832458,0.009383805037125053,0.013668645184895108,1.0,-0.010527146219997376
SLEEP_POD_SUEDE,-0.0015748881107047201,0.018008078745891404,0.003587997480642789,-0.010527146219997376,1.0
