product,SNACKPACK_CHOCOLATE,SNACKPACK_PISTACHIO,SNACKPACK_RASPBERRY,SNACKPACK_STRAWBERRY,SNACKPACK_VANILLA
SNACKPACK_CHOCOLATE,1.0,0.009203313377853354,0.048560326371380365,0.0011285834731346765,-0.9122522715146085
SNACKPACK_PISTACHIO,0.009203313377853354,1.0,-0.8290157627756615,0.9139371993438568,0.0561878698343406
SNACKPACK_RASPBERRY,0.048560326371380365,-0.8290157627756615,1.0,-0.9176297728796086,0.002486838459747982
SNACKPACK_STRAWBERRY,0.0011285834731346765,0.9139371993438568,-0.9176297728796086,1.0,0.04988433165532932
SNACKPACK_VANILLA,-0.9122522715146085,0.0561878698343406,0.002486838459747982,0.04988433165532932,1.0
