product,TRANSLATOR_ASTRO_BLACK,TRANSLATOR_ECLIPSE_CHARCOAL,TRANSLATOR_GRAPHITE_MIST,TRANSLATOR_SPACE_GRAY,TRANSLATOR_VOID_BLUE
TRANSLATOR_ASTRO_BLACK,1.0,0.004719036633817229,-0.004411806988628211,-0.009281597261437312,-0.0006253751049215086
TRANSLATOR_ECLIPSE_CHARCOAL,0.004719036633817229,1.0,0.023271328015866764,0.01044246052397629,0.0028479399659472335
TRANSLATOR_GRAPHITE_MIST,-0.004411806988628211,0.023271328015866764,1.0,-0.0040379460861959164,0.029444066839314345
TRANSLATOR_SPACE_GRAY,-0.009281597261437312,0.01044246052397629,-0.0040379460861959164,1.0,-0.0021100296466853518
TRANSLATOR_VOID_BLUE,-0.0006253751049215086,0.0028479399659472335,0.029444066839314345,-0.0021100296466853518,1.0
