product,UV_VISOR_AMBER,UV_VISOR_MAGENTA,UV_VISOR_ORANGE,UV_VISOR_RED,UV_VISOR_YELLOW
UV_VISOR_AMBER,1.0,0.012986585807876518,0.003173076331385733,-0.010906848135448366,0.0067177787031751516
UV_VISOR_MAGENTA,0.012986585807876518,1.0,0.0005674289774416868,-0.01278142458141611,-0.004291597902651927
UV_VISOR_ORANGE,0.003173076331385733,0.0005674289774416868,1.0,0.024839252419527662,0.008583769031671795
UV_VISOR_RED,-0.010906848135448366,-0.01278142458141611,0.024839252419527662,1.0,-0.008502134652223757
UV_VISOR_YELLOW,0.0067177787031751516,-0.004291597902651927,0.008583769031671795,-0.008502134652223757,1.0
