product,GALAXY_SOUNDS_BLACK_HOLES,GALAXY_SOUNDS_DARK_MATTER,GALAXY_SOUNDS_PLANETARY_RINGS,GALAXY_SOUNDS_SOLAR_FLAMES,GALAXY_SOUNDS_SOLAR_WINDS
GALAXY_SOUNDS_BLACK_HOLES,1.0,0.013931105669357857,0.002998961833388449,-0.002591278631355506,0.0027298076312578636
GALAXY_SOUNDS_DARK_MATTER,0.013931105669357857,1.0,-0.002324675981021016,0.007401266561790415,-0.011261697010364018
GALAXY_SOUNDS_PLANETARY_RINGS,0.002998961833388449,-0.002324675981021016,1.0,0.026817367595990512,0.007283913454815325
GALAXY_SOUNDS_SOLAR_FLAMES,-0.002591278631355506,0.007401266561790415,0.026817367595990512,1.0,0.002791579974559414
GALAXY_SOUNDS_SOLAR_WINDS,0.0027298076312578636,-0.011261697010364018,0.007283913454815325,0.002791579974559414,1.0
