product,MICROCHIP_CIRCLE,MICROCHIP_OVAL,MICROCHIP_RECTANGLE,MICROCHIP_SQUARE,MICROCHIP_TRIANGLE
MICROCHIP_CIRCLE,1.0,0.021608331820978655,0.020983582452975907,-0.00409179142998048,0.009442821956342948
MICROCHIP_OVAL,0.021608331820978655,1.0,0.003620337410864011,0.00392739926062319,0.003712764470943683
MICROCHIP_RECTANGLE,0.020983582452975907,0.003620337410864011,1.0,0.02107542986707236,0.016134688877777068
MICROCHIP_SQUARE,-0.00409179142998048,0.00392739926062319,0.02107542986707236,1.0,0.011337544803479817
MICROCHIP_TRIANGLE,0.009442821956342948,0.003712764470943683,0.016134688877777068,0.011337544803479817,1.0
