product,OXYGEN_SHAKE_CHOCOLATE,OXYGEN_SHAKE_EVENING_BREATH,OXYGEN_SHAKE_GARLIC,OXYGEN_SHAKE_MINT,OXYGEN_SHAKE_MORNING_BREATH
OXYGEN_SHAKE_CHOCOLATE,1.0,0.007936137739351045,0.007661660099057351,0.006576200345257323,-0.0023124125215604184
OXYGEN_SHAKE_EVENING_BREATH,0.007936137739351045,1.0,0.005125191384623105,-0.007206875649638934,0.01493278701868764
OXYGEN_SHAKE_GARLIC,0.007661660099057351,0.005125191384623105,1.0,0.007678468672970354,0.012974355498999609
OXYGEN_SHAKE_MINT,0.006576200345257323,-0.007206875649638934,0.007678468672970354,1.0,0.01263847201623736
OXYGEN_SHAKE_MORNING_BREATH,-0.0023124125215604184,0.01493278701868764,0.012974355498999609,0.01263847201623736,1.0
