product,PANEL_1X2,PANEL_1X4,PANEL_2X2,PANEL_2X4,PANEL_4X4
PANEL_1X2,1.0,0.003291715571680604,0.01548900024392135,0.013650148311229428,0.009593929814989372
PANEL_1X4,0.003291715571680604,1.0,0.01186951549020571,0.020072045074821254,0.0016088264269591447
PANEL_2X2,0.01548900024392135,0.01186951549020571,1.0,0.0016592591246393001,0.0004164723503874133
PANEL_2X4,0.013650148311229428,0.020072045074821254,0.0016592591246393001,1.0,0.006798390967568953
PANEL_4X4,0.009593929814989372,0.0016088264269591447,0.0004164723503874133,0.006798390967568953,1.0
