product,PEBBLES_L,PEBBLES_M,PEBBLES_S,PEBBLES_XL,PEBBLES_XS
PEBBLES_L,1.0,0.004627951310615412,-0.006745132819067305,-0.49516333915552696,0.01191599084492375
PEBBLES_M,0.004627951310615412,1.0,0.025741079270865018,-0.5144265508331632,0.01357072167731471
PEBBLES_S,-0.006745132819067305,0.025741079270865018,1.0,-0.4953302064711175,-0.01708735563708206
PEBBLES_XL,-0.49516333915552696,-0.5144265508331632,-0.4953302064711175,1.0,-0.49449418408378504
PEBBLES_XS,0.01191599084492375,0.01357072167731471,-0.01708735563708206,-0.49449418408378504,1.0
