product,ROBOT_DISHES,ROBOT_IRONING,ROBOT_LAUNDRY,ROBOT_MOPPING,ROBOT_VACUUMING
ROBOT_DISHES,1.0,0.009176134116654477,0.0034281712686241215,-0.003228530898601746,-0.0014906305978974726
ROBOT_IRONING,0.009176134116654477,1.0,0.0055128021204585795,0.007126647690170744,0.0010192780472874571
ROBOT_LAUNDRY,0.0034281712686241215,0.0055128021204585795,1.0,-0.0106089572023636,-0.014379760087613687
ROBOT_MOPPING,-0.003228530898601746,0.007126647690170744,-0.0106089572023636,1.0,-0.01183961853851954
ROBOT_VACUUMING,-0.0014906305978974726,0.0010192780472874571,-0.014379760087613687,-0.01183961853851954,1.0
