product,SLEEP_POD_COTTON,SLEEP_POD_LAMB_WOOL,SLEEP_POD_NYLON,SLEEP_POD_POLYESTER,SLEEP_POD_SUEDE
SLEEP_POD_COTTON,1.0,0.01085914497170155,-0.0013655821151198424,-0.025015382559019746,-0.012829968929259689
SLEEP_POD_LAMB_WOOL,0.01085914497170155,1.0,0.0070426029572451905,0.007066738172755209,0.009591755230885537
SLEEP_POD_NYLON,-0.0013655821151198424,0.0070426029572451905,1.0,0.006045693063516956,0.0023320666249344603
SLEEP_POD_POLYESTER,-0.025015382559019746,0.007066738172755209,0.006045693063516956,1.0,-0.0012661049310571059
SLEEP_POD_SUEDE,-0.012829968929259689,0.009591755230885537,0.0023320666249344603,-0.0012661049310571059,1.0
