product,SNACKPACK_CHOCOLATE,SNACKPACK_PISTACHIO,SNACKPACK_RASPBERRY,SNACKPACK_STRAWBERRY,SNACKPACK_VANILLA
SNACKPACK_CHOCOLATE,1.0,0.028034748192139875,0.03273713531298709,0.015572030993863336,-0.9154435523506981
SNACKPACK_PISTACHIO,0.028034748192139875,1.0,-0.8299587153048642,0.9132860498944944,0.037214077838922936
SNACKPACK_RASPBERRY,0.03273713531298709,-0.8299587153048642,1.0,-0.9215282038568989,0.014992347977593759
SNACKPACK_STRAWBERRY,0.015572030993863336,0.9132860498944944,-0.9215282038568989,1.0,0.03076719935591313
SNACKPACK_VANILLA,-0.9154435523506981,0.037214077838922936,0.014992347977593759,0.03076719935591313,1.0
