product,TRANSLATOR_ASTRO_BLACK,TRANSLATOR_ECLIPSE_CHARCOAL,TRANSLATOR_GRAPHITE_MIST,TRANSLATOR_SPACE_GRAY,TRANSLATOR_VOID_BLUE
TRANSLATOR_ASTRO_BLACK,1.0,0.01167208956162332,0.001122414390508867,0.019000115545561885,0.013410137045488294
TRANSLATOR_ECLIPSE_CHARCOAL,0.01167208956162332,1.0,-0.012910662971632472,0.0061663074406633845,-0.00838307947700766
TRANSLATOR_GRAPHITE_MIST,0.001122414390508867,-0.012910662971632472,1.0,0.00839138125352502,0.01097510398416187
TRANSLATOR_SPACE_GRAY,0.019000115545561885,0.0061663074406633845,0.00839138125352502,1.0,0.012890523402793293
TRANSLATOR_VOID_BLUE,0.013410137045488294,-0.00838307947700766,0.01097510398416187,0.012890523402793293,1.0
