product,UV_VISOR_AMBER,UV_VISOR_MAGENTA,UV_VISOR_ORANGE,UV_VISOR_RED,UV_VISOR_YELLOW
UV_VISOR_AMBER,1.0,0.0067755262866466305,0.001570855401759451,-0.003551722633757222,-0.007056267389756624
UV_VISOR_MAGENTA,0.0067755262866466305,1.0,0.0071942886929605545,0.012159192828656119,0.022139285560330225
UV_VISOR_ORANGE,0.001570855401759451,0.0071942886929605545,1.0,0.0290766658258529,0.009856762567578206
UV_VISOR_RED,-0.003551722633757222,0.012159192828656119,0.0290766658258529,1.0,0.019675048120892102
UV_VISOR_YELLOW,-0.007056267389756624,0.022139285560330225,0.009856762567578206,0.019675048120892102,1.0
