product,GALAXY_SOUNDS_BLACK_HOLES,GALAXY_SOUNDS_DARK_MATTER,GALAXY_SOUNDS_PLANETARY_RINGS,GALAXY_SOUNDS_SOLAR_FLAMES,GALAXY_SOUNDS_SOLAR_WINDS
GALAXY_SOUNDS_BLACK_HOLES,1.0,0.0030735868046985236,-0.004279629178424944,0.0036039589935864523,0.0005112619105418736
GALAXY_SOUNDS_DARK_MATTER,0.0030735868046985236,1.0,0.007168621551855924,0.00011228380729277784,-0.00016302080060305571
GALAXY_SOUNDS_PLANETARY_RINGS,-0.004279629178424944,0.007168621551855924,1.0,0.012319118866932665,-0.003741554927670863
GALAXY_SOUNDS_SOLAR_FLAMES,0.0036039589935864523,0.00011228380729277784,0.012319118866932665,1.0,-0.0035041605536234206
GALAXY_SOUNDS_SOLAR_WINDS,0.0005112619105418736,-0.00016302080060305571,-0.003741554927670863,-0.0035041605536234206,1.0
