product,MICROCHIP_CIRCLE,MICROCHIP_OVAL,MICROCHIP_RECTANGLE,MICROCHIP_SQUARE,MICROCHIP_TRIANGLE
MICROCHIP_CIRCLE,1.0,0.01073843213421907,-0.012073492573953078,0.01592752689866559,0.004927330168777263
MICROCHIP_OVAL,0.01073843213421907,1.0,0.005556294618850346,0.022880662709532373,0.00210226673815035
MICROCHIP_RECTANGLE,-0.012073492573953078,0.005556294618850346,1.0,0.008426424738672141,0.010434175635866199
MICROCHIP_SQUARE,0.01592752689866559,0.022880662709532373,0.008426424738672141,1.0,0.004094035210997789
MICROCHIP_TRIANGLE,0.004927330168777263,0.00210226673815035,0.010434175635866199,0.004094035210997789,1.0
