product,OXYGEN_SHAKE_CHOCOLATE,OXYGEN_SHAKE_EVENING_BREATH,OXYGEN_SHAKE_GARLIC,OXYGEN_SHAKE_MINT,OXYGEN_SHAKE_MORNING_BREATH
OXYGEN_SHAKE_CHOCOLATE,1.0,0.009667231425234946,0.006128457254893085,0.01043476789570713,0.0021289270048456452
OXYGEN_SHAKE_EVENING_BREATH,0.009667231425234946,1.0,0.002536425473849673,0.002283849936813129,0.0006645261122418153
OXYGEN_SHAKE_GARLIC,0.006128457254893085,0.002536425473849673,1.0,-0.0017192498393200023,0.0014706547424951138
OXYGEN_SHAKE_MINT,0.01043476789570713,0.002283849936813129,-0.0017192498393200023,1.0,0.00450037724303907
OXYGEN_SHAKE_MORNING_BREATH,0.0021289270048456452,0.0006645261122418153,0.0014706547424951138,0.00450037724303907,1.0
