product,PANEL_1X2,PANEL_1X4,PANEL_2X2,PANEL_2X4,PANEL_4X4
PANEL_1X2,1.0,0.006135841371011691,0.003940235658484227,-0.002242011971389593,0.007339987509999762
PANEL_1X4,0.006135841371011691,1.0,0.0010650367455184177,0.0059324027019381845,-0.005725350456185568
PANEL_2X2,0.003940235658484227,0.0010650367455184177,1.0,-0.014368330814355705,0.0011065726449964832
PANEL_2X4,-0.002242011971389593,0.0059324027019381845,-0.014368330814355705,1.0,0.010515518189617682
PANEL_4X4,0.007339987509999762,-0.005725350456185568,0.0011065726449964832,0.010515518189617682,1.0
