product,PEBBLES_L,PEBBLES_M,PEBBLES_S,PEBBLES_XL,PEBBLES_XS
PEBBLES_L,1.0,0.0073288737095472374,0.014427938675651272,-0.5030032989927228,0.004188463236152601
PEBBLES_M,0.0073288737095472374,1.0,0.011596347649152116,-0.5042247771247608,0.0043050624240050465
PEBBLES_S,0.014427938675651272,0.011596347649152116,1.0,-0.4966264118894589,-0.010473276444154172
PEBBLES_XL,-0.5030032989927228,-0.5042247771247608,-0.4966264118894589,1.0,-0.49477230705169856
PEBBLES_XS,0.004188463236152601,0.0043050624240050465,-0.010473276444154172,-0.49477230705169856,1.0
