product,ROBOT_DISHES,ROBOT_IRONING,ROBOT_LAUNDRY,ROBOT_MOPPING,ROBOT_VACUUMING
ROBOT_DISHES,1.0,-0.010243366846887328,-0.016574636842057067,0.002066551411355446,0.0067258249491062684
ROBOT_IRONING,-0.010243366846887328,1.0,-0.013259696836947329,0.004573709819888429,0.017075396182115066
ROBOT_LAUNDRY,-0.016574636842057067,-0.013259696836947329,1.0,0.004689796973573513,0.0021290475481941466
ROBOT_MOPPING,0.002066551411355446,0.004573709819888429,0.004689796973573513,1.0,0.0033881792684459654
ROBOT_VACUUMING,0.0067258249491062684,0.017075396182115066,0.0021290475481941466,0.0033881792684459654,1.0
