product,SLEEP_POD_COTTON,SLEEP_POD_LAMB_WOOL,SLEEP_POD_NYLON,SLEEP_POD_POLYESTER,SLEEP_POD_SUEDE
SLEEP_POD_COTTON,1.0,-0.0009016938239966678,-0.0018978272126594742,0.0016144732218382194,0.012908574382575432
SLEEP_POD_LAMB_WOOL,-0.0009016938239966678,1.0,-0.0003818932079544575,0.010654681294435107,-0.009276678299344898
SLEEP_POD_NYLON,-0.0018978272126594742,-0.0003818932079544575,1.0,-0.014231059368432263,0.014639545684774378
SLEEP_POD_POLYESTER,0.0016144732218382194,0.010654681294435107,-0.014231059368432263,1.0,0.025420652880801854
SLEEP_POD_SUEDE,0.012908574382575432,-0.009276678299344898,0.014639545684774378,0.025420652880801854,1.0
