product,SNACKPACK_CHOCOLATE,SNACKPACK_PISTACHIO,SNACKPACK_RASPBERRY,SNACKPACK_STRAWBERRY,SNACKPACK_VANILLA
SNACKPACK_CHOCOLATE,1.0,0.036953056812674995,0.011146278780281411,0.03344760147442543,-0.9200322678853352
SNACKPACK_PISTACHIO,0.036953056812674995,1.0,-0.8338247744427348,0.9127758411740351,0.026169308507472278
SNACKPACK_RASPBERRY,0.011146278780281411,-0.8338247744427348,1.0,-0.9320945305828903,0.02565403567011922
SNACKPACK_STRAWBERRY,0.03344760147442543,0.9127758411740351,-0.9320945305828903,1.0,0.012980357313914127
SNACKPACK_VANILLA,-0.9200322678853352,0.026169308507472278,0.02565403567011922,0.012980357313914127,1.0
