product,TRANSLATOR_ASTRO_BLACK,TRANSLATOR_ECLIPSE_CHARCOAL,TRANSLATOR_GRAPHITE_MIST,TRANSLATOR_SPACE_GRAY,TRANSLATOR_VOID_BLUE
TRANSLATOR_ASTRO_BLACK,1.0,-0.005133480149064706,-0.0065329342032874145,0.014316266079248437,0.0010211591709759313
TRANSLATOR_ECLIPSE_CHARCOAL,-0.005133480149064706,1.0,0.01038369491809627,0.014792119274887343,-0.007506614266936123
TRANSLATOR_GRAPHITE_MIST,-0.0065329342032874145,0.01038369491809627,1.0,-0.009623313248363543,0.01274662317533388
TRANSLATOR_SPACE_GRAY,0.014316266079248437,0.014792119274887343,-0.009623313248363543,1.0,-0.001861290315596542
TRANSLATOR_VOID_BLUE,0.0010211591709759313,-0.007506614266936123,0.01274662317533388,-0.001861290315596542,1.0
