product,UV_VISOR_AMBER,UV_VISOR_MAGENTA,UV_VISOR_ORANGE,UV_VISOR_RED,UV_VISOR_YELLOW
UV_VISOR_AMBER,1.0,0.00017606527519589633,0.008501351633531815,0.010127489617786561,-0.005975758378258521
UV_VISOR_MAGENTA,0.00017606527519589633,1.0,0.012031608812521116,0.016669141962719982,0.00943646747893808
UV_VISOR_ORANGE,0.008501351633531815,0.012031608812521116,1.0,0.004885129497897958,-0.005006023614130438
UV_VISOR_RED,0.010127489617786561,0.016669141962719982,0.004885129497897958,1.0,0.011856045456832082
UV_VISOR_YELLOW,-0.005975758378258521,0.00943646747893808,-0.005006023614130438,0.011856045456832082,1.0
